{
  "colour": "BLUE",
  "wrongcolour": "RED",
  "footertext": "Coded By Tech Cile",
  "footericon": "https://media.discordapp.net/attachments/928727608240246798/940589722475044914/lais.jpg",
  "WelcomeImage ": "https://wallpaperscraft.com/wallpaper/city_buildings_silhouettes_212901",
  "categories": {
    "games": "🎮",
    "config": "⚙️",
    "automod": "👍",
    "giveaway": "🎉",
    "information": "📻",
    "moderation": "🔨",
    "music": "🎵",
    "musicfilter": "🎼",
    "owner": "👑",
    "leveling": "🎂",
    "ticket": "🎫",
    "utility": ":comet:",
    "welcome_leave": "✨",
    "rr_roles": "🎁",
    "yt_poster": "❤"
  }
}
